export-plots data (NetLogo 6.1.1),,,,,,,,,,,,
RNDM-Epstein-Esperimenti.nlogo,,,,,,,,,,,,
06/24/2021 16:35:43:781 +0200,,,,,,,,,,,,
,,,,,,,,,,,,
MODEL SETTINGS,,,,,,,,,,,,
max-time,government-legitimacy,movement?,initial-agent-density,random-choice,legitimacy-sudden-drop,vision,infinite-jail,max-jail-term,visualization,initial-cop-density,rndm,legitimacy-slow-drop
1200,0.82,true,70,0.0301,false,7,false,30,"""2D""",4,true,false
,,,,,,,,,,,,
"""All agent types""",,,,,,,,,,,,
x min,x max,y min,y max,autoplot?,current pen,legend open?,number of pens,,,,,
0,1310,0,1230,true,"""quiet""",true,3,,,,,
,,,,,,,,,,,,
pen name,pen down?,mode,interval,color,x,,,,,,,
"""quiet""",true,0,1,55,1199,,,,,,,
"""jailed""",true,0,1,0,1199,,,,,,,
"""active""",true,0,1,15,1199,,,,,,,
,,,,,,,,,,,,
"""quiet""",,,,"""jailed""",,,,"""active""",,,,
x,y,color,pen down?,x,y,color,pen down?,x,y,color,pen down?,
0,1120,55,true,0,0,0,true,0,0,15,true,
1,1068,55,true,1,28,0,true,1,24,15,true,
2,824,55,true,2,79,0,true,2,217,15,true,
3,588,55,true,3,135,0,true,3,397,15,true,
4,574,55,true,4,188,0,true,4,358,15,true,
5,578,55,true,5,241,0,true,5,301,15,true,
6,586,55,true,6,288,0,true,6,246,15,true,
7,591,55,true,7,326,0,true,7,203,15,true,
8,578,55,true,8,371,0,true,8,171,15,true,
9,575,55,true,9,412,0,true,9,133,15,true,
10,610,55,true,10,447,0,true,10,63,15,true,
11,616,55,true,11,475,0,true,11,29,15,true,
12,622,55,true,12,489,0,true,12,9,15,true,
13,633,55,true,13,481,0,true,13,6,15,true,
14,629,55,true,14,483,0,true,14,8,15,true,
15,631,55,true,15,485,0,true,15,4,15,true,
16,630,55,true,16,486,0,true,16,4,15,true,
17,620,55,true,17,499,0,true,17,1,15,true,
18,643,55,true,18,474,0,true,18,3,15,true,
19,653,55,true,19,464,0,true,19,3,15,true,
20,664,55,true,20,454,0,true,20,2,15,true,
21,668,55,true,21,445,0,true,21,7,15,true,
22,686,55,true,22,432,0,true,22,2,15,true,
23,696,55,true,23,419,0,true,23,5,15,true,
24,706,55,true,24,404,0,true,24,10,15,true,
25,717,55,true,25,398,0,true,25,5,15,true,
26,723,55,true,26,388,0,true,26,9,15,true,
27,711,55,true,27,383,0,true,27,26,15,true,
28,629,55,true,28,404,0,true,28,87,15,true,
29,585,55,true,29,422,0,true,29,113,15,true,
30,543,55,true,30,445,0,true,30,132,15,true,
31,552,55,true,31,455,0,true,31,113,15,true,
32,546,55,true,32,476,0,true,32,98,15,true,
33,559,55,true,33,495,0,true,33,66,15,true,
34,591,55,true,34,502,0,true,34,27,15,true,
35,611,55,true,35,505,0,true,35,4,15,true,
36,636,55,true,36,477,0,true,36,7,15,true,
37,643,55,true,37,469,0,true,37,8,15,true,
38,645,55,true,38,469,0,true,38,6,15,true,
39,652,55,true,39,465,0,true,39,3,15,true,
40,654,55,true,40,464,0,true,40,2,15,true,
41,665,55,true,41,435,0,true,41,20,15,true,
42,652,55,true,42,436,0,true,42,32,15,true,
43,668,55,true,43,447,0,true,43,5,15,true,
44,664,55,true,44,439,0,true,44,17,15,true,
45,653,55,true,45,435,0,true,45,32,15,true,
46,637,55,true,46,444,0,true,46,39,15,true,
47,593,55,true,47,451,0,true,47,76,15,true,
48,566,55,true,48,486,0,true,48,68,15,true,
49,542,55,true,49,506,0,true,49,72,15,true,
50,542,55,true,50,528,0,true,50,50,15,true,
51,561,55,true,51,537,0,true,51,22,15,true,
52,578,55,true,52,536,0,true,52,6,15,true,
53,589,55,true,53,528,0,true,53,3,15,true,
54,606,55,true,54,509,0,true,54,5,15,true,
55,630,55,true,55,485,0,true,55,5,15,true,
56,637,55,true,56,471,0,true,56,12,15,true,
57,651,55,true,57,465,0,true,57,4,15,true,
58,656,55,true,58,449,0,true,58,15,15,true,
59,673,55,true,59,439,0,true,59,8,15,true,
60,685,55,true,60,427,0,true,60,8,15,true,
61,679,55,true,61,426,0,true,61,15,15,true,
62,698,55,true,62,419,0,true,62,3,15,true,
63,705,55,true,63,410,0,true,63,5,15,true,
64,711,55,true,64,405,0,true,64,4,15,true,
65,711,55,true,65,405,0,true,65,4,15,true,
66,715,55,true,66,398,0,true,66,7,15,true,
67,703,55,true,67,398,0,true,67,19,15,true,
68,628,55,true,68,410,0,true,68,82,15,true,
69,510,55,true,69,437,0,true,69,173,15,true,
70,459,55,true,70,468,0,true,70,193,15,true,
71,470,55,true,71,497,0,true,71,153,15,true,
72,493,55,true,72,517,0,true,72,110,15,true,
73,509,55,true,73,537,0,true,73,74,15,true,
74,528,55,true,74,556,0,true,74,36,15,true,
75,559,55,true,75,553,0,true,75,8,15,true,
76,573,55,true,76,547,0,true,76,0,15,true,
77,587,55,true,77,531,0,true,77,2,15,true,
78,598,55,true,78,517,0,true,78,5,15,true,
79,602,55,true,79,513,0,true,79,5,15,true,
80,617,55,true,80,502,0,true,80,1,15,true,
81,620,55,true,81,492,0,true,81,8,15,true,
82,632,55,true,82,484,0,true,82,4,15,true,
83,654,55,true,83,463,0,true,83,3,15,true,
84,666,55,true,84,438,0,true,84,16,15,true,
85,633,55,true,85,439,0,true,85,48,15,true,
86,626,55,true,86,452,0,true,86,42,15,true,
87,621,55,true,87,456,0,true,87,43,15,true,
88,565,55,true,88,469,0,true,88,86,15,true,
89,559,55,true,89,488,0,true,89,73,15,true,
90,546,55,true,90,515,0,true,90,59,15,true,
91,545,55,true,91,529,0,true,91,46,15,true,
92,580,55,true,92,516,0,true,92,24,15,true,
93,592,55,true,93,520,0,true,93,8,15,true,
94,605,55,true,94,513,0,true,94,2,15,true,
95,626,55,true,95,488,0,true,95,6,15,true,
96,655,55,true,96,463,0,true,96,2,15,true,
97,663,55,true,97,445,0,true,97,12,15,true,
98,648,55,true,98,446,0,true,98,26,15,true,
99,616,55,true,99,454,0,true,99,50,15,true,
100,596,55,true,100,472,0,true,100,52,15,true,
101,601,55,true,101,483,0,true,101,36,15,true,
102,598,55,true,102,486,0,true,102,36,15,true,
103,573,55,true,103,500,0,true,103,47,15,true,
104,569,55,true,104,505,0,true,104,46,15,true,
105,572,55,true,105,516,0,true,105,32,15,true,
106,589,55,true,106,523,0,true,106,8,15,true,
107,605,55,true,107,513,0,true,107,2,15,true,
108,612,55,true,108,500,0,true,108,8,15,true,
109,605,55,true,109,493,0,true,109,22,15,true,
110,613,55,true,110,496,0,true,110,11,15,true,
111,644,55,true,111,472,0,true,111,4,15,true,
112,666,55,true,112,449,0,true,112,5,15,true,
113,677,55,true,113,438,0,true,113,5,15,true,
114,687,55,true,114,423,0,true,114,10,15,true,
115,689,55,true,115,421,0,true,115,10,15,true,
116,705,55,true,116,407,0,true,116,8,15,true,
117,674,55,true,117,408,0,true,117,38,15,true,
118,596,55,true,118,415,0,true,118,109,15,true,
119,508,55,true,119,446,0,true,119,166,15,true,
120,495,55,true,120,468,0,true,120,157,15,true,
121,509,55,true,121,497,0,true,121,114,15,true,
122,534,55,true,122,520,0,true,122,66,15,true,
123,569,55,true,123,539,0,true,123,12,15,true,
124,581,55,true,124,536,0,true,124,3,15,true,
125,585,55,true,125,531,0,true,125,4,15,true,
126,608,55,true,126,507,0,true,126,5,15,true,
127,631,55,true,127,485,0,true,127,4,15,true,
128,663,55,true,128,454,0,true,128,3,15,true,
129,672,55,true,129,446,0,true,129,2,15,true,
130,682,55,true,130,434,0,true,130,4,15,true,
131,704,55,true,131,411,0,true,131,5,15,true,
132,703,55,true,132,405,0,true,132,12,15,true,
133,699,55,true,133,406,0,true,133,15,15,true,
134,680,55,true,134,397,0,true,134,43,15,true,
135,618,55,true,135,413,0,true,135,89,15,true,
136,521,55,true,136,447,0,true,136,152,15,true,
137,495,55,true,137,482,0,true,137,143,15,true,
138,511,55,true,138,508,0,true,138,101,15,true,
139,548,55,true,139,513,0,true,139,59,15,true,
140,564,55,true,140,526,0,true,140,30,15,true,
141,588,55,true,141,525,0,true,141,7,15,true,
142,605,55,true,142,514,0,true,142,1,15,true,
143,624,55,true,143,494,0,true,143,2,15,true,
144,626,55,true,144,491,0,true,144,3,15,true,
145,647,55,true,145,470,0,true,145,3,15,true,
146,658,55,true,146,460,0,true,146,2,15,true,
147,670,55,true,147,450,0,true,147,0,15,true,
148,680,55,true,148,433,0,true,148,7,15,true,
149,684,55,true,149,432,0,true,149,4,15,true,
150,703,55,true,150,410,0,true,150,7,15,true,
151,692,55,true,151,420,0,true,151,8,15,true,
152,703,55,true,152,412,0,true,152,5,15,true,
153,712,55,true,153,401,0,true,153,7,15,true,
154,734,55,true,154,379,0,true,154,7,15,true,
155,680,55,true,155,387,0,true,155,53,15,true,
156,554,55,true,156,414,0,true,156,152,15,true,
157,497,55,true,157,446,0,true,157,177,15,true,
158,516,55,true,158,463,0,true,158,141,15,true,
159,518,55,true,159,486,0,true,159,116,15,true,
160,542,55,true,160,502,0,true,160,76,15,true,
161,552,55,true,161,525,0,true,161,43,15,true,
162,565,55,true,162,535,0,true,162,20,15,true,
163,593,55,true,163,519,0,true,163,8,15,true,
164,600,55,true,164,514,0,true,164,6,15,true,
165,616,55,true,165,502,0,true,165,2,15,true,
166,614,55,true,166,502,0,true,166,4,15,true,
167,627,55,true,167,485,0,true,167,8,15,true,
168,640,55,true,168,476,0,true,168,4,15,true,
169,653,55,true,169,462,0,true,169,5,15,true,
170,632,55,true,170,462,0,true,170,26,15,true,
171,644,55,true,171,466,0,true,171,10,15,true,
172,648,55,true,172,466,0,true,172,6,15,true,
173,650,55,true,173,466,0,true,173,4,15,true,
174,664,55,true,174,449,0,true,174,7,15,true,
175,684,55,true,175,433,0,true,175,3,15,true,
176,683,55,true,176,423,0,true,176,14,15,true,
177,692,55,true,177,424,0,true,177,4,15,true,
178,697,55,true,178,418,0,true,178,5,15,true,
179,702,55,true,179,408,0,true,179,10,15,true,
180,695,55,true,180,393,0,true,180,32,15,true,
181,673,55,true,181,396,0,true,181,51,15,true,
182,611,55,true,182,418,0,true,182,91,15,true,
183,548,55,true,183,430,0,true,183,142,15,true,
184,538,55,true,184,453,0,true,184,129,15,true,
185,551,55,true,185,472,0,true,185,97,15,true,
186,551,55,true,186,495,0,true,186,74,15,true,
187,553,55,true,187,516,0,true,187,51,15,true,
188,571,55,true,188,526,0,true,188,23,15,true,
189,585,55,true,189,527,0,true,189,8,15,true,
190,594,55,true,190,521,0,true,190,5,15,true,
191,611,55,true,191,503,0,true,191,6,15,true,
192,628,55,true,192,488,0,true,192,4,15,true,
193,649,55,true,193,468,0,true,193,3,15,true,
194,651,55,true,194,457,0,true,194,12,15,true,
195,665,55,true,195,443,0,true,195,12,15,true,
196,665,55,true,196,433,0,true,196,22,15,true,
197,661,55,true,197,442,0,true,197,17,15,true,
198,666,55,true,198,437,0,true,198,17,15,true,
199,685,55,true,199,429,0,true,199,6,15,true,
200,687,55,true,200,427,0,true,200,6,15,true,
201,666,55,true,201,420,0,true,201,34,15,true,
202,630,55,true,202,432,0,true,202,58,15,true,
203,587,55,true,203,444,0,true,203,89,15,true,
204,522,55,true,204,471,0,true,204,127,15,true,
205,506,55,true,205,489,0,true,205,125,15,true,
206,527,55,true,206,501,0,true,206,92,15,true,
207,542,55,true,207,522,0,true,207,56,15,true,
208,582,55,true,208,527,0,true,208,11,15,true,
209,586,55,true,209,531,0,true,209,3,15,true,
210,596,55,true,210,520,0,true,210,4,15,true,
211,613,55,true,211,505,0,true,211,2,15,true,
212,626,55,true,212,487,0,true,212,7,15,true,
213,648,55,true,213,465,0,true,213,7,15,true,
214,653,55,true,214,458,0,true,214,9,15,true,
215,645,55,true,215,468,0,true,215,7,15,true,
216,662,55,true,216,454,0,true,216,4,15,true,
217,652,55,true,217,456,0,true,217,12,15,true,
218,652,55,true,218,455,0,true,218,13,15,true,
219,672,55,true,219,446,0,true,219,2,15,true,
220,690,55,true,220,426,0,true,220,4,15,true,
221,678,55,true,221,430,0,true,221,12,15,true,
222,682,55,true,222,430,0,true,222,8,15,true,
223,673,55,true,223,433,0,true,223,14,15,true,
224,665,55,true,224,427,0,true,224,28,15,true,
225,664,55,true,225,427,0,true,225,29,15,true,
226,660,55,true,226,426,0,true,226,34,15,true,
227,609,55,true,227,441,0,true,227,70,15,true,
228,570,55,true,228,463,0,true,228,87,15,true,
229,533,55,true,229,493,0,true,229,94,15,true,
230,528,55,true,230,509,0,true,230,83,15,true,
231,540,55,true,231,523,0,true,231,57,15,true,
232,564,55,true,232,529,0,true,232,27,15,true,
233,585,55,true,233,528,0,true,233,7,15,true,
234,597,55,true,234,517,0,true,234,6,15,true,
235,609,55,true,235,508,0,true,235,3,15,true,
236,619,55,true,236,496,0,true,236,5,15,true,
237,627,55,true,237,481,0,true,237,12,15,true,
238,635,55,true,238,472,0,true,238,13,15,true,
239,645,55,true,239,466,0,true,239,9,15,true,
240,655,55,true,240,462,0,true,240,3,15,true,
241,682,55,true,241,432,0,true,241,6,15,true,
242,671,55,true,242,427,0,true,242,22,15,true,
243,638,55,true,243,440,0,true,243,42,15,true,
244,590,55,true,244,450,0,true,244,80,15,true,
245,529,55,true,245,479,0,true,245,112,15,true,
246,515,55,true,246,496,0,true,246,109,15,true,
247,535,55,true,247,509,0,true,247,76,15,true,
248,560,55,true,248,528,0,true,248,32,15,true,
249,582,55,true,249,532,0,true,249,6,15,true,
250,590,55,true,250,515,0,true,250,15,15,true,
251,610,55,true,251,501,0,true,251,9,15,true,
252,629,55,true,252,487,0,true,252,4,15,true,
253,651,55,true,253,468,0,true,253,1,15,true,
254,673,55,true,254,447,0,true,254,0,15,true,
255,675,55,true,255,440,0,true,255,5,15,true,
256,691,55,true,256,421,0,true,256,8,15,true,
257,670,55,true,257,423,0,true,257,27,15,true,
258,670,55,true,258,427,0,true,258,23,15,true,
259,690,55,true,259,420,0,true,259,10,15,true,
260,708,55,true,260,408,0,true,260,4,15,true,
261,689,55,true,261,420,0,true,261,11,15,true,
262,692,55,true,262,422,0,true,262,6,15,true,
263,699,55,true,263,418,0,true,263,3,15,true,
264,703,55,true,264,413,0,true,264,4,15,true,
265,710,55,true,265,406,0,true,265,4,15,true,
266,694,55,true,266,402,0,true,266,24,15,true,
267,637,55,true,267,394,0,true,267,89,15,true,
268,558,55,true,268,416,0,true,268,146,15,true,
269,496,55,true,269,446,0,true,269,178,15,true,
270,506,55,true,270,478,0,true,270,136,15,true,
271,519,55,true,271,508,0,true,271,93,15,true,
272,529,55,true,272,536,0,true,272,55,15,true,
273,564,55,true,273,542,0,true,273,14,15,true,
274,580,55,true,274,537,0,true,274,3,15,true,
275,587,55,true,275,528,0,true,275,5,15,true,
276,592,55,true,276,517,0,true,276,11,15,true,
277,596,55,true,277,513,0,true,277,11,15,true,
278,603,55,true,278,511,0,true,278,6,15,true,
279,622,55,true,279,496,0,true,279,2,15,true,
280,625,55,true,280,482,0,true,280,13,15,true,
281,626,55,true,281,489,0,true,281,5,15,true,
282,633,55,true,282,484,0,true,282,3,15,true,
283,643,55,true,283,473,0,true,283,4,15,true,
284,667,55,true,284,449,0,true,284,4,15,true,
285,696,55,true,285,422,0,true,285,2,15,true,
286,711,55,true,286,406,0,true,286,3,15,true,
287,716,55,true,287,390,0,true,287,14,15,true,
288,741,55,true,288,375,0,true,288,4,15,true,
289,751,55,true,289,361,0,true,289,8,15,true,
290,707,55,true,290,370,0,true,290,43,15,true,
291,666,55,true,291,389,0,true,291,65,15,true,
292,581,55,true,292,414,0,true,292,125,15,true,
293,522,55,true,293,436,0,true,293,162,15,true,
294,501,55,true,294,471,0,true,294,148,15,true,
295,499,55,true,295,500,0,true,295,121,15,true,
296,516,55,true,296,520,0,true,296,84,15,true,
297,537,55,true,297,541,0,true,297,42,15,true,
298,551,55,true,298,559,0,true,298,10,15,true,
299,568,55,true,299,549,0,true,299,3,15,true,
300,579,55,true,300,534,0,true,300,7,15,true,
301,597,55,true,301,520,0,true,301,3,15,true,
302,609,55,true,302,509,0,true,302,2,15,true,
303,620,55,true,303,494,0,true,303,6,15,true,
304,622,55,true,304,485,0,true,304,13,15,true,
305,609,55,true,305,495,0,true,305,16,15,true,
306,627,55,true,306,484,0,true,306,9,15,true,
307,645,55,true,307,467,0,true,307,8,15,true,
308,658,55,true,308,449,0,true,308,13,15,true,
309,672,55,true,309,446,0,true,309,2,15,true,
310,692,55,true,310,424,0,true,310,4,15,true,
311,702,55,true,311,415,0,true,311,3,15,true,
312,687,55,true,312,407,0,true,312,26,15,true,
313,641,55,true,313,421,0,true,313,58,15,true,
314,628,55,true,314,430,0,true,314,62,15,true,
315,591,55,true,315,441,0,true,315,88,15,true,
316,548,55,true,316,467,0,true,316,105,15,true,
317,518,55,true,317,491,0,true,317,111,15,true,
318,508,55,true,318,520,0,true,318,92,15,true,
319,505,55,true,319,557,0,true,319,58,15,true,
320,546,55,true,320,556,0,true,320,18,15,true,
321,573,55,true,321,543,0,true,321,4,15,true,
322,587,55,true,322,530,0,true,322,3,15,true,
323,614,55,true,323,499,0,true,323,7,15,true,
324,612,55,true,324,503,0,true,324,5,15,true,
325,632,55,true,325,487,0,true,325,1,15,true,
326,648,55,true,326,469,0,true,326,3,15,true,
327,649,55,true,327,466,0,true,327,5,15,true,
328,648,55,true,328,454,0,true,328,18,15,true,
329,644,55,true,329,458,0,true,329,18,15,true,
330,650,55,true,330,460,0,true,330,10,15,true,
331,675,55,true,331,440,0,true,331,5,15,true,
332,651,55,true,332,437,0,true,332,32,15,true,
333,625,55,true,333,436,0,true,333,59,15,true,
334,623,55,true,334,447,0,true,334,50,15,true,
335,629,55,true,335,459,0,true,335,32,15,true,
336,602,55,true,336,469,0,true,336,49,15,true,
337,587,55,true,337,478,0,true,337,55,15,true,
338,599,55,true,338,484,0,true,338,37,15,true,
339,618,55,true,339,493,0,true,339,9,15,true,
340,633,55,true,340,486,0,true,340,1,15,true,
341,645,55,true,341,470,0,true,341,5,15,true,
342,648,55,true,342,466,0,true,342,6,15,true,
343,663,55,true,343,455,0,true,343,2,15,true,
344,658,55,true,344,441,0,true,344,21,15,true,
345,638,55,true,345,444,0,true,345,38,15,true,
346,603,55,true,346,459,0,true,346,58,15,true,
347,545,55,true,347,483,0,true,347,92,15,true,
348,511,55,true,348,513,0,true,348,96,15,true,
349,513,55,true,349,539,0,true,349,68,15,true,
350,546,55,true,350,559,0,true,350,15,15,true,
351,575,55,true,351,538,0,true,351,7,15,true,
352,588,55,true,352,524,0,true,352,8,15,true,
353,603,55,true,353,511,0,true,353,6,15,true,
354,619,55,true,354,498,0,true,354,3,15,true,
355,639,55,true,355,477,0,true,355,4,15,true,
356,649,55,true,356,460,0,true,356,11,15,true,
357,674,55,true,357,442,0,true,357,4,15,true,
358,692,55,true,358,426,0,true,358,2,15,true,
359,699,55,true,359,415,0,true,359,6,15,true,
360,707,55,true,360,399,0,true,360,14,15,true,
361,685,55,true,361,395,0,true,361,40,15,true,
362,653,55,true,362,403,0,true,362,64,15,true,
363,598,55,true,363,422,0,true,363,100,15,true,
364,546,55,true,364,455,0,true,364,119,15,true,
365,524,55,true,365,478,0,true,365,118,15,true,
366,536,55,true,366,500,0,true,366,84,15,true,
367,546,55,true,367,521,0,true,367,53,15,true,
368,577,55,true,368,526,0,true,368,17,15,true,
369,596,55,true,369,516,0,true,369,8,15,true,
370,607,55,true,370,505,0,true,370,8,15,true,
371,613,55,true,371,499,0,true,371,8,15,true,
372,642,55,true,372,476,0,true,372,2,15,true,
373,659,55,true,373,457,0,true,373,4,15,true,
374,657,55,true,374,448,0,true,374,15,15,true,
375,661,55,true,375,442,0,true,375,17,15,true,
376,661,55,true,376,437,0,true,376,22,15,true,
377,605,55,true,377,450,0,true,377,65,15,true,
378,576,55,true,378,469,0,true,378,75,15,true,
379,546,55,true,379,500,0,true,379,74,15,true,
380,544,55,true,380,521,0,true,380,55,15,true,
381,581,55,true,381,525,0,true,381,14,15,true,
382,602,55,true,382,513,0,true,382,5,15,true,
383,618,55,true,383,498,0,true,383,4,15,true,
384,635,55,true,384,484,0,true,384,1,15,true,
385,648,55,true,385,469,0,true,385,3,15,true,
386,650,55,true,386,466,0,true,386,4,15,true,
387,658,55,true,387,458,0,true,387,4,15,true,
388,673,55,true,388,442,0,true,388,5,15,true,
389,688,55,true,389,430,0,true,389,2,15,true,
390,720,55,true,390,397,0,true,390,3,15,true,
391,719,55,true,391,390,0,true,391,11,15,true,
392,681,55,true,392,383,0,true,392,56,15,true,
393,625,55,true,393,406,0,true,393,89,15,true,
394,539,55,true,394,436,0,true,394,145,15,true,
395,502,55,true,395,467,0,true,395,151,15,true,
396,496,55,true,396,492,0,true,396,132,15,true,
397,510,55,true,397,517,0,true,397,93,15,true,
398,513,55,true,398,540,0,true,398,67,15,true,
399,527,55,true,399,557,0,true,399,36,15,true,
400,542,55,true,400,559,0,true,400,19,15,true,
401,554,55,true,401,546,0,true,401,20,15,true,
402,579,55,true,402,529,0,true,402,12,15,true,
403,590,55,true,403,524,0,true,403,6,15,true,
404,607,55,true,404,505,0,true,404,8,15,true,
405,622,55,true,405,493,0,true,405,5,15,true,
406,643,55,true,406,475,0,true,406,2,15,true,
407,657,55,true,407,458,0,true,407,5,15,true,
408,670,55,true,408,444,0,true,408,6,15,true,
409,658,55,true,409,446,0,true,409,16,15,true,
410,661,55,true,410,444,0,true,410,15,15,true,
411,673,55,true,411,444,0,true,411,3,15,true,
412,652,55,true,412,432,0,true,412,36,15,true,
413,620,55,true,413,445,0,true,413,55,15,true,
414,577,55,true,414,455,0,true,414,88,15,true,
415,519,55,true,415,479,0,true,415,122,15,true,
416,518,55,true,416,503,0,true,416,99,15,true,
417,529,55,true,417,526,0,true,417,65,15,true,
418,544,55,true,418,545,0,true,418,31,15,true,
419,574,55,true,419,530,0,true,419,16,15,true,
420,601,55,true,420,515,0,true,420,4,15,true,
421,610,55,true,421,497,0,true,421,13,15,true,
422,627,55,true,422,489,0,true,422,4,15,true,
423,635,55,true,423,478,0,true,423,7,15,true,
424,652,55,true,424,465,0,true,424,3,15,true,
425,661,55,true,425,454,0,true,425,5,15,true,
426,671,55,true,426,443,0,true,426,6,15,true,
427,690,55,true,427,429,0,true,427,1,15,true,
428,698,55,true,428,415,0,true,428,7,15,true,
429,703,55,true,429,410,0,true,429,7,15,true,
430,707,55,true,430,405,0,true,430,8,15,true,
431,707,55,true,431,404,0,true,431,9,15,true,
432,722,55,true,432,396,0,true,432,2,15,true,
433,741,55,true,433,375,0,true,433,4,15,true,
434,736,55,true,434,358,0,true,434,26,15,true,
435,687,55,true,435,367,0,true,435,66,15,true,
436,627,55,true,436,389,0,true,436,104,15,true,
437,526,55,true,437,416,0,true,437,178,15,true,
438,502,55,true,438,448,0,true,438,170,15,true,
439,482,55,true,439,485,0,true,439,153,15,true,
440,519,55,true,440,507,0,true,440,94,15,true,
441,545,55,true,441,537,0,true,441,38,15,true,
442,575,55,true,442,540,0,true,442,5,15,true,
443,589,55,true,443,525,0,true,443,6,15,true,
444,603,55,true,444,513,0,true,444,4,15,true,
445,622,55,true,445,494,0,true,445,4,15,true,
446,629,55,true,446,483,0,true,446,8,15,true,
447,635,55,true,447,476,0,true,447,9,15,true,
448,641,55,true,448,475,0,true,448,4,15,true,
449,659,55,true,449,459,0,true,449,2,15,true,
450,647,55,true,450,456,0,true,450,17,15,true,
451,673,55,true,451,444,0,true,451,3,15,true,
452,660,55,true,452,433,0,true,452,27,15,true,
453,610,55,true,453,438,0,true,453,72,15,true,
454,572,55,true,454,457,0,true,454,91,15,true,
455,569,55,true,455,478,0,true,455,73,15,true,
456,578,55,true,456,487,0,true,456,55,15,true,
457,544,55,true,457,520,0,true,457,56,15,true,
458,551,55,true,458,533,0,true,458,36,15,true,
459,569,55,true,459,539,0,true,459,12,15,true,
460,599,55,true,460,508,0,true,460,13,15,true,
461,624,55,true,461,495,0,true,461,1,15,true,
462,656,55,true,462,459,0,true,462,5,15,true,
463,662,55,true,463,456,0,true,463,2,15,true,
464,672,55,true,464,444,0,true,464,4,15,true,
465,677,55,true,465,429,0,true,465,14,15,true,
466,659,55,true,466,445,0,true,466,16,15,true,
467,651,55,true,467,453,0,true,467,16,15,true,
468,649,55,true,468,450,0,true,468,21,15,true,
469,633,55,true,469,461,0,true,469,26,15,true,
470,611,55,true,470,472,0,true,470,37,15,true,
471,599,55,true,471,486,0,true,471,35,15,true,
472,594,55,true,472,486,0,true,472,40,15,true,
473,600,55,true,473,505,0,true,473,15,15,true,
474,617,55,true,474,502,0,true,474,1,15,true,
475,627,55,true,475,490,0,true,475,3,15,true,
476,640,55,true,476,475,0,true,476,5,15,true,
477,651,55,true,477,464,0,true,477,5,15,true,
478,653,55,true,478,458,0,true,478,9,15,true,
479,667,55,true,479,443,0,true,479,10,15,true,
480,668,55,true,480,444,0,true,480,8,15,true,
481,691,55,true,481,423,0,true,481,6,15,true,
482,689,55,true,482,419,0,true,482,12,15,true,
483,699,55,true,483,403,0,true,483,18,15,true,
484,683,55,true,484,400,0,true,484,37,15,true,
485,613,55,true,485,429,0,true,485,78,15,true,
486,519,55,true,486,461,0,true,486,140,15,true,
487,466,55,true,487,492,0,true,487,162,15,true,
488,487,55,true,488,511,0,true,488,122,15,true,
489,494,55,true,489,532,0,true,489,94,15,true,
490,515,55,true,490,556,0,true,490,49,15,true,
491,544,55,true,491,572,0,true,491,4,15,true,
492,564,55,true,492,553,0,true,492,3,15,true,
493,601,55,true,493,519,0,true,493,0,15,true,
494,609,55,true,494,495,0,true,494,16,15,true,
495,632,55,true,495,487,0,true,495,1,15,true,
496,651,55,true,496,464,0,true,496,5,15,true,
497,661,55,true,497,454,0,true,497,5,15,true,
498,667,55,true,498,446,0,true,498,7,15,true,
499,667,55,true,499,448,0,true,499,5,15,true,
500,679,55,true,500,437,0,true,500,4,15,true,
501,695,55,true,501,423,0,true,501,2,15,true,
502,693,55,true,502,411,0,true,502,16,15,true,
503,680,55,true,503,419,0,true,503,21,15,true,
504,681,55,true,504,427,0,true,504,12,15,true,
505,673,55,true,505,429,0,true,505,18,15,true,
506,629,55,true,506,433,0,true,506,58,15,true,
507,570,55,true,507,452,0,true,507,98,15,true,
508,505,55,true,508,484,0,true,508,131,15,true,
509,491,55,true,509,509,0,true,509,120,15,true,
510,501,55,true,510,530,0,true,510,89,15,true,
511,516,55,true,511,551,0,true,511,53,15,true,
512,558,55,true,512,548,0,true,512,14,15,true,
513,570,55,true,513,543,0,true,513,7,15,true,
514,600,55,true,514,511,0,true,514,9,15,true,
515,599,55,true,515,507,0,true,515,14,15,true,
516,618,55,true,516,498,0,true,516,4,15,true,
517,646,55,true,517,471,0,true,517,3,15,true,
518,662,55,true,518,453,0,true,518,5,15,true,
519,679,55,true,519,439,0,true,519,2,15,true,
520,688,55,true,520,431,0,true,520,1,15,true,
521,687,55,true,521,432,0,true,521,1,15,true,
522,681,55,true,522,429,0,true,522,10,15,true,
523,686,55,true,523,430,0,true,523,4,15,true,
524,699,55,true,524,417,0,true,524,4,15,true,
525,712,55,true,525,405,0,true,525,3,15,true,
526,723,55,true,526,397,0,true,526,0,15,true,
527,713,55,true,527,384,0,true,527,23,15,true,
528,697,55,true,528,383,0,true,528,40,15,true,
529,651,55,true,529,405,0,true,529,64,15,true,
530,528,55,true,530,431,0,true,530,161,15,true,
531,491,55,true,531,465,0,true,531,164,15,true,
532,477,55,true,532,497,0,true,532,146,15,true,
533,489,55,true,533,529,0,true,533,102,15,true,
534,510,55,true,534,559,0,true,534,51,15,true,
535,538,55,true,535,571,0,true,535,11,15,true,
536,556,55,true,536,561,0,true,536,3,15,true,
537,581,55,true,537,537,0,true,537,2,15,true,
538,605,55,true,538,514,0,true,538,1,15,true,
539,626,55,true,539,489,0,true,539,5,15,true,
540,636,55,true,540,478,0,true,540,6,15,true,
541,646,55,true,541,459,0,true,541,15,15,true,
542,621,55,true,542,468,0,true,542,31,15,true,
543,588,55,true,543,485,0,true,543,47,15,true,
544,591,55,true,544,497,0,true,544,32,15,true,
545,571,55,true,545,514,0,true,545,35,15,true,
546,581,55,true,546,522,0,true,546,17,15,true,
547,570,55,true,547,524,0,true,547,26,15,true,
548,582,55,true,548,523,0,true,548,15,15,true,
549,617,55,true,549,499,0,true,549,4,15,true,
550,634,55,true,550,480,0,true,550,6,15,true,
551,659,55,true,551,457,0,true,551,4,15,true,
552,669,55,true,552,440,0,true,552,11,15,true,
553,682,55,true,553,429,0,true,553,9,15,true,
554,678,55,true,554,416,0,true,554,26,15,true,
555,670,55,true,555,411,0,true,555,39,15,true,
556,651,55,true,556,427,0,true,556,42,15,true,
557,610,55,true,557,446,0,true,557,64,15,true,
558,578,55,true,558,469,0,true,558,73,15,true,
559,547,55,true,559,478,0,true,559,95,15,true,
560,524,55,true,560,502,0,true,560,94,15,true,
561,522,55,true,561,530,0,true,561,68,15,true,
562,550,55,true,562,544,0,true,562,26,15,true,
563,573,55,true,563,542,0,true,563,5,15,true,
564,592,55,true,564,525,0,true,564,3,15,true,
565,598,55,true,565,516,0,true,565,6,15,true,
566,612,55,true,566,506,0,true,566,2,15,true,
567,619,55,true,567,498,0,true,567,3,15,true,
568,634,55,true,568,482,0,true,568,4,15,true,
569,663,55,true,569,452,0,true,569,5,15,true,
570,691,55,true,570,426,0,true,570,3,15,true,
571,679,55,true,571,433,0,true,571,8,15,true,
572,696,55,true,572,418,0,true,572,6,15,true,
573,710,55,true,573,405,0,true,573,5,15,true,
574,709,55,true,574,394,0,true,574,17,15,true,
575,714,55,true,575,393,0,true,575,13,15,true,
576,699,55,true,576,404,0,true,576,17,15,true,
577,678,55,true,577,415,0,true,577,27,15,true,
578,655,55,true,578,430,0,true,578,35,15,true,
579,608,55,true,579,456,0,true,579,56,15,true,
580,554,55,true,580,470,0,true,580,96,15,true,
581,526,55,true,581,494,0,true,581,100,15,true,
582,505,55,true,582,528,0,true,582,87,15,true,
583,524,55,true,583,551,0,true,583,45,15,true,
584,542,55,true,584,563,0,true,584,15,15,true,
585,557,55,true,585,559,0,true,585,4,15,true,
586,580,55,true,586,536,0,true,586,4,15,true,
587,607,55,true,587,512,0,true,587,1,15,true,
588,635,55,true,588,484,0,true,588,1,15,true,
589,646,55,true,589,470,0,true,589,4,15,true,
590,663,55,true,590,452,0,true,590,5,15,true,
591,678,55,true,591,436,0,true,591,6,15,true,
592,684,55,true,592,434,0,true,592,2,15,true,
593,684,55,true,593,432,0,true,593,4,15,true,
594,668,55,true,594,439,0,true,594,13,15,true,
595,637,55,true,595,423,0,true,595,60,15,true,
596,608,55,true,596,436,0,true,596,76,15,true,
597,573,55,true,597,458,0,true,597,89,15,true,
598,528,55,true,598,482,0,true,598,110,15,true,
599,525,55,true,599,504,0,true,599,91,15,true,
600,539,55,true,600,515,0,true,600,66,15,true,
601,575,55,true,601,522,0,true,601,23,15,true,
602,605,55,true,602,510,0,true,602,5,15,true,
603,627,55,true,603,482,0,true,603,11,15,true,
604,650,55,true,604,467,0,true,604,3,15,true,
605,670,55,true,605,443,0,true,605,7,15,true,
606,672,55,true,606,442,0,true,606,6,15,true,
607,686,55,true,607,427,0,true,607,7,15,true,
608,691,55,true,608,421,0,true,608,8,15,true,
609,677,55,true,609,419,0,true,609,24,15,true,
610,645,55,true,610,421,0,true,610,54,15,true,
611,602,55,true,611,440,0,true,611,78,15,true,
612,531,55,true,612,469,0,true,612,120,15,true,
613,525,55,true,613,497,0,true,613,98,15,true,
614,536,55,true,614,519,0,true,614,65,15,true,
615,526,55,true,615,549,0,true,615,45,15,true,
616,559,55,true,616,554,0,true,616,7,15,true,
617,586,55,true,617,532,0,true,617,2,15,true,
618,601,55,true,618,513,0,true,618,6,15,true,
619,612,55,true,619,499,0,true,619,9,15,true,
620,621,55,true,620,486,0,true,620,13,15,true,
621,641,55,true,621,477,0,true,621,2,15,true,
622,664,55,true,622,452,0,true,622,4,15,true,
623,687,55,true,623,429,0,true,623,4,15,true,
624,704,55,true,624,412,0,true,624,4,15,true,
625,723,55,true,625,394,0,true,625,3,15,true,
626,727,55,true,626,380,0,true,626,13,15,true,
627,731,55,true,627,379,0,true,627,10,15,true,
628,740,55,true,628,371,0,true,628,9,15,true,
629,727,55,true,629,382,0,true,629,11,15,true,
630,687,55,true,630,389,0,true,630,44,15,true,
631,634,55,true,631,405,0,true,631,81,15,true,
632,615,55,true,632,420,0,true,632,85,15,true,
633,560,55,true,633,443,0,true,633,117,15,true,
634,549,55,true,634,462,0,true,634,109,15,true,
635,525,55,true,635,494,0,true,635,101,15,true,
636,553,55,true,636,515,0,true,636,52,15,true,
637,560,55,true,637,539,0,true,637,21,15,true,
638,584,55,true,638,531,0,true,638,5,15,true,
639,579,55,true,639,529,0,true,639,12,15,true,
640,587,55,true,640,508,0,true,640,25,15,true,
641,598,55,true,641,513,0,true,641,9,15,true,
642,611,55,true,642,502,0,true,642,7,15,true,
643,621,55,true,643,497,0,true,643,2,15,true,
644,633,55,true,644,484,0,true,644,3,15,true,
645,642,55,true,645,477,0,true,645,1,15,true,
646,653,55,true,646,465,0,true,646,2,15,true,
647,666,55,true,647,453,0,true,647,1,15,true,
648,695,55,true,648,422,0,true,648,3,15,true,
649,706,55,true,649,411,0,true,649,3,15,true,
650,719,55,true,650,396,0,true,650,5,15,true,
651,727,55,true,651,384,0,true,651,9,15,true,
652,743,55,true,652,372,0,true,652,5,15,true,
653,750,55,true,653,369,0,true,653,1,15,true,
654,749,55,true,654,359,0,true,654,12,15,true,
655,742,55,true,655,358,0,true,655,20,15,true,
656,736,55,true,656,356,0,true,656,28,15,true,
657,655,55,true,657,368,0,true,657,97,15,true,
658,517,55,true,658,395,0,true,658,208,15,true,
659,495,55,true,659,425,0,true,659,200,15,true,
660,493,55,true,660,458,0,true,660,169,15,true,
661,498,55,true,661,491,0,true,661,131,15,true,
662,520,55,true,662,518,0,true,662,82,15,true,
663,553,55,true,663,533,0,true,663,34,15,true,
664,587,55,true,664,530,0,true,664,3,15,true,
665,588,55,true,665,523,0,true,665,9,15,true,
666,590,55,true,666,521,0,true,666,9,15,true,
667,606,55,true,667,513,0,true,667,1,15,true,
668,619,55,true,668,499,0,true,668,2,15,true,
669,620,55,true,669,495,0,true,669,5,15,true,
670,623,55,true,670,486,0,true,670,11,15,true,
671,635,55,true,671,482,0,true,671,3,15,true,
672,642,55,true,672,474,0,true,672,4,15,true,
673,649,55,true,673,467,0,true,673,4,15,true,
674,673,55,true,674,443,0,true,674,4,15,true,
675,681,55,true,675,434,0,true,675,5,15,true,
676,691,55,true,676,427,0,true,676,2,15,true,
677,695,55,true,677,411,0,true,677,14,15,true,
678,688,55,true,678,408,0,true,678,24,15,true,
679,701,55,true,679,395,0,true,679,24,15,true,
680,710,55,true,680,387,0,true,680,23,15,true,
681,730,55,true,681,388,0,true,681,2,15,true,
682,741,55,true,682,375,0,true,682,4,15,true,
683,713,55,true,683,375,0,true,683,32,15,true,
684,651,55,true,684,389,0,true,684,80,15,true,
685,565,55,true,685,405,0,true,685,150,15,true,
686,512,55,true,686,419,0,true,686,189,15,true,
687,505,55,true,687,446,0,true,687,169,15,true,
688,507,55,true,688,476,0,true,688,137,15,true,
689,527,55,true,689,506,0,true,689,87,15,true,
690,549,55,true,690,536,0,true,690,35,15,true,
691,570,55,true,691,545,0,true,691,5,15,true,
692,588,55,true,692,530,0,true,692,2,15,true,
693,606,55,true,693,512,0,true,693,2,15,true,
694,608,55,true,694,504,0,true,694,8,15,true,
695,626,55,true,695,488,0,true,695,6,15,true,
696,640,55,true,696,475,0,true,696,5,15,true,
697,656,55,true,697,456,0,true,697,8,15,true,
698,663,55,true,698,447,0,true,698,10,15,true,
699,649,55,true,699,443,0,true,699,28,15,true,
700,637,55,true,700,439,0,true,700,44,15,true,
701,600,55,true,701,466,0,true,701,54,15,true,
702,591,55,true,702,484,0,true,702,45,15,true,
703,602,55,true,703,486,0,true,703,32,15,true,
704,602,55,true,704,484,0,true,704,34,15,true,
705,622,55,true,705,477,0,true,705,21,15,true,
706,633,55,true,706,466,0,true,706,21,15,true,
707,652,55,true,707,459,0,true,707,9,15,true,
708,654,55,true,708,459,0,true,708,7,15,true,
709,669,55,true,709,446,0,true,709,5,15,true,
710,692,55,true,710,424,0,true,710,4,15,true,
711,712,55,true,711,404,0,true,711,4,15,true,
712,730,55,true,712,388,0,true,712,2,15,true,
713,725,55,true,713,388,0,true,713,7,15,true,
714,720,55,true,714,387,0,true,714,13,15,true,
715,738,55,true,715,373,0,true,715,9,15,true,
716,748,55,true,716,366,0,true,716,6,15,true,
717,755,55,true,717,359,0,true,717,6,15,true,
718,756,55,true,718,355,0,true,718,9,15,true,
719,757,55,true,719,351,0,true,719,12,15,true,
720,673,55,true,720,370,0,true,720,77,15,true,
721,543,55,true,721,396,0,true,721,181,15,true,
722,505,55,true,722,427,0,true,722,188,15,true,
723,510,55,true,723,467,0,true,723,143,15,true,
724,534,55,true,724,500,0,true,724,86,15,true,
725,560,55,true,725,519,0,true,725,41,15,true,
726,580,55,true,726,520,0,true,726,20,15,true,
727,603,55,true,727,516,0,true,727,1,15,true,
728,617,55,true,728,501,0,true,728,2,15,true,
729,624,55,true,729,493,0,true,729,3,15,true,
730,643,55,true,730,475,0,true,730,2,15,true,
731,655,55,true,731,460,0,true,731,5,15,true,
732,674,55,true,732,443,0,true,732,3,15,true,
733,682,55,true,733,429,0,true,733,9,15,true,
734,680,55,true,734,422,0,true,734,18,15,true,
735,702,55,true,735,408,0,true,735,10,15,true,
736,715,55,true,736,401,0,true,736,4,15,true,
737,713,55,true,737,399,0,true,737,8,15,true,
738,734,55,true,738,384,0,true,738,2,15,true,
739,732,55,true,739,383,0,true,739,5,15,true,
740,708,55,true,740,381,0,true,740,31,15,true,
741,673,55,true,741,391,0,true,741,56,15,true,
742,590,55,true,742,409,0,true,742,121,15,true,
743,539,55,true,743,439,0,true,743,142,15,true,
744,514,55,true,744,471,0,true,744,135,15,true,
745,517,55,true,745,495,0,true,745,108,15,true,
746,528,55,true,746,511,0,true,746,81,15,true,
747,534,55,true,747,545,0,true,747,41,15,true,
748,566,55,true,748,551,0,true,748,3,15,true,
749,583,55,true,749,536,0,true,749,1,15,true,
750,608,55,true,750,509,0,true,750,3,15,true,
751,621,55,true,751,496,0,true,751,3,15,true,
752,633,55,true,752,483,0,true,752,4,15,true,
753,646,55,true,753,470,0,true,753,4,15,true,
754,653,55,true,754,460,0,true,754,7,15,true,
755,657,55,true,755,461,0,true,755,2,15,true,
756,671,55,true,756,445,0,true,756,4,15,true,
757,665,55,true,757,440,0,true,757,15,15,true,
758,659,55,true,758,443,0,true,758,18,15,true,
759,675,55,true,759,439,0,true,759,6,15,true,
760,691,55,true,760,421,0,true,760,8,15,true,
761,667,55,true,761,419,0,true,761,34,15,true,
762,655,55,true,762,418,0,true,762,47,15,true,
763,606,55,true,763,437,0,true,763,77,15,true,
764,520,55,true,764,464,0,true,764,136,15,true,
765,494,55,true,765,495,0,true,765,131,15,true,
766,486,55,true,766,527,0,true,766,107,15,true,
767,487,55,true,767,561,0,true,767,72,15,true,
768,505,55,true,768,580,0,true,768,35,15,true,
769,536,55,true,769,580,0,true,769,4,15,true,
770,565,55,true,770,553,0,true,770,2,15,true,
771,580,55,true,771,530,0,true,771,10,15,true,
772,594,55,true,772,520,0,true,772,6,15,true,
773,605,55,true,773,513,0,true,773,2,15,true,
774,628,55,true,774,487,0,true,774,5,15,true,
775,612,55,true,775,475,0,true,775,33,15,true,
776,582,55,true,776,487,0,true,776,51,15,true,
777,570,55,true,777,495,0,true,777,55,15,true,
778,544,55,true,778,518,0,true,778,58,15,true,
779,557,55,true,779,544,0,true,779,19,15,true,
780,585,55,true,780,534,0,true,780,1,15,true,
781,588,55,true,781,525,0,true,781,7,15,true,
782,613,55,true,782,503,0,true,782,4,15,true,
783,633,55,true,783,476,0,true,783,11,15,true,
784,651,55,true,784,466,0,true,784,3,15,true,
785,653,55,true,785,457,0,true,785,10,15,true,
786,658,55,true,786,448,0,true,786,14,15,true,
787,679,55,true,787,432,0,true,787,9,15,true,
788,703,55,true,788,416,0,true,788,1,15,true,
789,706,55,true,789,409,0,true,789,5,15,true,
790,717,55,true,790,395,0,true,790,8,15,true,
791,715,55,true,791,399,0,true,791,6,15,true,
792,714,55,true,792,387,0,true,792,19,15,true,
793,707,55,true,793,386,0,true,793,27,15,true,
794,729,55,true,794,383,0,true,794,8,15,true,
795,739,55,true,795,378,0,true,795,3,15,true,
796,733,55,true,796,368,0,true,796,19,15,true,
797,649,55,true,797,383,0,true,797,88,15,true,
798,511,55,true,798,416,0,true,798,193,15,true,
799,461,55,true,799,451,0,true,799,208,15,true,
800,478,55,true,800,486,0,true,800,156,15,true,
801,501,55,true,801,509,0,true,801,110,15,true,
802,522,55,true,802,539,0,true,802,59,15,true,
803,549,55,true,803,551,0,true,803,20,15,true,
804,574,55,true,804,543,0,true,804,3,15,true,
805,599,55,true,805,518,0,true,805,3,15,true,
806,625,55,true,806,495,0,true,806,0,15,true,
807,638,55,true,807,480,0,true,807,2,15,true,
808,646,55,true,808,462,0,true,808,12,15,true,
809,660,55,true,809,458,0,true,809,2,15,true,
810,669,55,true,810,448,0,true,810,3,15,true,
811,676,55,true,811,439,0,true,811,5,15,true,
812,685,55,true,812,431,0,true,812,4,15,true,
813,699,55,true,813,415,0,true,813,6,15,true,
814,722,55,true,814,395,0,true,814,3,15,true,
815,724,55,true,815,393,0,true,815,3,15,true,
816,737,55,true,816,381,0,true,816,2,15,true,
817,726,55,true,817,374,0,true,817,20,15,true,
818,688,55,true,818,374,0,true,818,58,15,true,
819,593,55,true,819,402,0,true,819,125,15,true,
820,524,55,true,820,427,0,true,820,169,15,true,
821,491,55,true,821,466,0,true,821,163,15,true,
822,502,55,true,822,497,0,true,822,121,15,true,
823,524,55,true,823,522,0,true,823,74,15,true,
824,552,55,true,824,538,0,true,824,30,15,true,
825,583,55,true,825,534,0,true,825,3,15,true,
826,604,55,true,826,511,0,true,826,5,15,true,
827,619,55,true,827,498,0,true,827,3,15,true,
828,637,55,true,828,483,0,true,828,0,15,true,
829,658,55,true,829,455,0,true,829,7,15,true,
830,658,55,true,830,452,0,true,830,10,15,true,
831,669,55,true,831,449,0,true,831,2,15,true,
832,676,55,true,832,443,0,true,832,1,15,true,
833,678,55,true,833,436,0,true,833,6,15,true,
834,684,55,true,834,424,0,true,834,12,15,true,
835,647,55,true,835,433,0,true,835,40,15,true,
836,619,55,true,836,437,0,true,836,64,15,true,
837,574,55,true,837,456,0,true,837,90,15,true,
838,545,55,true,838,471,0,true,838,104,15,true,
839,518,55,true,839,495,0,true,839,107,15,true,
840,536,55,true,840,511,0,true,840,73,15,true,
841,549,55,true,841,535,0,true,841,36,15,true,
842,569,55,true,842,546,0,true,842,5,15,true,
843,586,55,true,843,528,0,true,843,6,15,true,
844,607,55,true,844,505,0,true,844,8,15,true,
845,617,55,true,845,498,0,true,845,5,15,true,
846,624,55,true,846,490,0,true,846,6,15,true,
847,609,55,true,847,484,0,true,847,27,15,true,
848,637,55,true,848,476,0,true,848,7,15,true,
849,657,55,true,849,460,0,true,849,3,15,true,
850,650,55,true,850,446,0,true,850,24,15,true,
851,624,55,true,851,446,0,true,851,50,15,true,
852,599,55,true,852,452,0,true,852,69,15,true,
853,553,55,true,853,478,0,true,853,89,15,true,
854,527,55,true,854,500,0,true,854,93,15,true,
855,538,55,true,855,514,0,true,855,68,15,true,
856,531,55,true,856,533,0,true,856,56,15,true,
857,541,55,true,857,540,0,true,857,39,15,true,
858,566,55,true,858,543,0,true,858,11,15,true,
859,597,55,true,859,522,0,true,859,1,15,true,
860,610,55,true,860,498,0,true,860,12,15,true,
861,617,55,true,861,502,0,true,861,1,15,true,
862,620,55,true,862,495,0,true,862,5,15,true,
863,633,55,true,863,482,0,true,863,5,15,true,
864,650,55,true,864,454,0,true,864,16,15,true,
865,668,55,true,865,446,0,true,865,6,15,true,
866,665,55,true,866,451,0,true,866,4,15,true,
867,673,55,true,867,440,0,true,867,7,15,true,
868,676,55,true,868,436,0,true,868,8,15,true,
869,687,55,true,869,431,0,true,869,2,15,true,
870,695,55,true,870,420,0,true,870,5,15,true,
871,699,55,true,871,409,0,true,871,12,15,true,
872,701,55,true,872,408,0,true,872,11,15,true,
873,697,55,true,873,398,0,true,873,25,15,true,
874,648,55,true,874,422,0,true,874,50,15,true,
875,610,55,true,875,438,0,true,875,72,15,true,
876,545,55,true,876,465,0,true,876,110,15,true,
877,509,55,true,877,484,0,true,877,127,15,true,
878,510,55,true,878,504,0,true,878,106,15,true,
879,538,55,true,879,507,0,true,879,75,15,true,
880,527,55,true,880,533,0,true,880,60,15,true,
881,561,55,true,881,538,0,true,881,21,15,true,
882,569,55,true,882,544,0,true,882,7,15,true,
883,579,55,true,883,533,0,true,883,8,15,true,
884,600,55,true,884,510,0,true,884,10,15,true,
885,618,55,true,885,499,0,true,885,3,15,true,
886,634,55,true,886,481,0,true,886,5,15,true,
887,653,55,true,887,462,0,true,887,5,15,true,
888,661,55,true,888,454,0,true,888,5,15,true,
889,665,55,true,889,449,0,true,889,6,15,true,
890,673,55,true,890,445,0,true,890,2,15,true,
891,671,55,true,891,441,0,true,891,8,15,true,
892,690,55,true,892,422,0,true,892,8,15,true,
893,696,55,true,893,417,0,true,893,7,15,true,
894,686,55,true,894,416,0,true,894,18,15,true,
895,683,55,true,895,424,0,true,895,13,15,true,
896,666,55,true,896,436,0,true,896,18,15,true,
897,617,55,true,897,453,0,true,897,50,15,true,
898,599,55,true,898,455,0,true,898,66,15,true,
899,546,55,true,899,482,0,true,899,92,15,true,
900,515,55,true,900,502,0,true,900,103,15,true,
901,533,55,true,901,517,0,true,901,70,15,true,
902,521,55,true,902,530,0,true,902,69,15,true,
903,539,55,true,903,547,0,true,903,34,15,true,
904,558,55,true,904,546,0,true,904,16,15,true,
905,572,55,true,905,541,0,true,905,7,15,true,
906,602,55,true,906,515,0,true,906,3,15,true,
907,607,55,true,907,501,0,true,907,12,15,true,
908,578,55,true,908,493,0,true,908,49,15,true,
909,586,55,true,909,496,0,true,909,38,15,true,
910,612,55,true,910,500,0,true,910,8,15,true,
911,619,55,true,911,493,0,true,911,8,15,true,
912,618,55,true,912,483,0,true,912,19,15,true,
913,616,55,true,913,467,0,true,913,37,15,true,
914,604,55,true,914,471,0,true,914,45,15,true,
915,618,55,true,915,480,0,true,915,22,15,true,
916,633,55,true,916,479,0,true,916,8,15,true,
917,646,55,true,917,469,0,true,917,5,15,true,
918,658,55,true,918,459,0,true,918,3,15,true,
919,658,55,true,919,458,0,true,919,4,15,true,
920,647,55,true,920,450,0,true,920,23,15,true,
921,663,55,true,921,440,0,true,921,17,15,true,
922,665,55,true,922,444,0,true,922,11,15,true,
923,677,55,true,923,436,0,true,923,7,15,true,
924,647,55,true,924,445,0,true,924,28,15,true,
925,655,55,true,925,436,0,true,925,29,15,true,
926,634,55,true,926,444,0,true,926,42,15,true,
927,603,55,true,927,453,0,true,927,64,15,true,
928,590,55,true,928,465,0,true,928,65,15,true,
929,566,55,true,929,495,0,true,929,59,15,true,
930,519,55,true,930,520,0,true,930,81,15,true,
931,548,55,true,931,525,0,true,931,47,15,true,
932,557,55,true,932,529,0,true,932,34,15,true,
933,561,55,true,933,540,0,true,933,19,15,true,
934,567,55,true,934,548,0,true,934,5,15,true,
935,596,55,true,935,522,0,true,935,2,15,true,
936,615,55,true,936,504,0,true,936,1,15,true,
937,625,55,true,937,485,0,true,937,10,15,true,
938,631,55,true,938,477,0,true,938,12,15,true,
939,656,55,true,939,461,0,true,939,3,15,true,
940,669,55,true,940,448,0,true,940,3,15,true,
941,665,55,true,941,444,0,true,941,11,15,true,
942,675,55,true,942,437,0,true,942,8,15,true,
943,689,55,true,943,427,0,true,943,4,15,true,
944,698,55,true,944,414,0,true,944,8,15,true,
945,678,55,true,945,415,0,true,945,27,15,true,
946,657,55,true,946,422,0,true,946,41,15,true,
947,614,55,true,947,436,0,true,947,70,15,true,
948,556,55,true,948,457,0,true,948,107,15,true,
949,550,55,true,949,479,0,true,949,91,15,true,
950,551,55,true,950,502,0,true,950,67,15,true,
951,554,55,true,951,527,0,true,951,39,15,true,
952,585,55,true,952,522,0,true,952,13,15,true,
953,591,55,true,953,502,0,true,953,27,15,true,
954,609,55,true,954,490,0,true,954,21,15,true,
955,610,55,true,955,492,0,true,955,18,15,true,
956,626,55,true,956,488,0,true,956,6,15,true,
957,629,55,true,957,475,0,true,957,16,15,true,
958,613,55,true,958,469,0,true,958,38,15,true,
959,586,55,true,959,493,0,true,959,41,15,true,
960,606,55,true,960,495,0,true,960,19,15,true,
961,612,55,true,961,503,0,true,961,5,15,true,
962,626,55,true,962,491,0,true,962,3,15,true,
963,648,55,true,963,468,0,true,963,4,15,true,
964,669,55,true,964,443,0,true,964,8,15,true,
965,689,55,true,965,427,0,true,965,4,15,true,
966,700,55,true,966,410,0,true,966,10,15,true,
967,683,55,true,967,409,0,true,967,28,15,true,
968,651,55,true,968,413,0,true,968,56,15,true,
969,567,55,true,969,433,0,true,969,120,15,true,
970,522,55,true,970,460,0,true,970,138,15,true,
971,495,55,true,971,490,0,true,971,135,15,true,
972,508,55,true,972,511,0,true,972,101,15,true,
973,519,55,true,973,536,0,true,973,65,15,true,
974,550,55,true,974,546,0,true,974,24,15,true,
975,568,55,true,975,540,0,true,975,12,15,true,
976,584,55,true,976,534,0,true,976,2,15,true,
977,596,55,true,977,521,0,true,977,3,15,true,
978,606,55,true,978,508,0,true,978,6,15,true,
979,630,55,true,979,487,0,true,979,3,15,true,
980,640,55,true,980,471,0,true,980,9,15,true,
981,649,55,true,981,459,0,true,981,12,15,true,
982,663,55,true,982,450,0,true,982,7,15,true,
983,690,55,true,983,428,0,true,983,2,15,true,
984,691,55,true,984,413,0,true,984,16,15,true,
985,687,55,true,985,410,0,true,985,23,15,true,
986,685,55,true,986,426,0,true,986,9,15,true,
987,699,55,true,987,410,0,true,987,11,15,true,
988,671,55,true,988,410,0,true,988,39,15,true,
989,636,55,true,989,418,0,true,989,66,15,true,
990,572,55,true,990,443,0,true,990,105,15,true,
991,520,55,true,991,470,0,true,991,130,15,true,
992,539,55,true,992,500,0,true,992,81,15,true,
993,561,55,true,993,507,0,true,993,52,15,true,
994,583,55,true,994,515,0,true,994,22,15,true,
995,601,55,true,995,512,0,true,995,7,15,true,
996,606,55,true,996,500,0,true,996,14,15,true,
997,615,55,true,997,496,0,true,997,9,15,true,
998,638,55,true,998,477,0,true,998,5,15,true,
999,643,55,true,999,470,0,true,999,7,15,true,
1000,660,55,true,1000,452,0,true,1000,8,15,true,
1001,670,55,true,1001,448,0,true,1001,2,15,true,
1002,670,55,true,1002,433,0,true,1002,17,15,true,
1003,657,55,true,1003,432,0,true,1003,31,15,true,
1004,647,55,true,1004,442,0,true,1004,31,15,true,
1005,642,55,true,1005,447,0,true,1005,31,15,true,
1006,594,55,true,1006,470,0,true,1006,56,15,true,
1007,561,55,true,1007,486,0,true,1007,73,15,true,
1008,539,55,true,1008,510,0,true,1008,71,15,true,
1009,553,55,true,1009,523,0,true,1009,44,15,true,
1010,553,55,true,1010,540,0,true,1010,27,15,true,
1011,570,55,true,1011,528,0,true,1011,22,15,true,
1012,588,55,true,1012,523,0,true,1012,9,15,true,
1013,604,55,true,1013,510,0,true,1013,6,15,true,
1014,635,55,true,1014,485,0,true,1014,0,15,true,
1015,667,55,true,1015,451,0,true,1015,2,15,true,
1016,681,55,true,1016,437,0,true,1016,2,15,true,
1017,698,55,true,1017,419,0,true,1017,3,15,true,
1018,688,55,true,1018,419,0,true,1018,13,15,true,
1019,681,55,true,1019,431,0,true,1019,8,15,true,
1020,675,55,true,1020,441,0,true,1020,4,15,true,
1021,662,55,true,1021,437,0,true,1021,21,15,true,
1022,633,55,true,1022,446,0,true,1022,41,15,true,
1023,584,55,true,1023,456,0,true,1023,80,15,true,
1024,493,55,true,1024,483,0,true,1024,144,15,true,
1025,475,55,true,1025,507,0,true,1025,138,15,true,
1026,478,55,true,1026,541,0,true,1026,101,15,true,
1027,500,55,true,1027,557,0,true,1027,63,15,true,
1028,533,55,true,1028,563,0,true,1028,24,15,true,
1029,558,55,true,1029,550,0,true,1029,12,15,true,
1030,574,55,true,1030,543,0,true,1030,3,15,true,
1031,605,55,true,1031,509,0,true,1031,6,15,true,
1032,618,55,true,1032,495,0,true,1032,7,15,true,
1033,625,55,true,1033,487,0,true,1033,8,15,true,
1034,635,55,true,1034,480,0,true,1034,5,15,true,
1035,639,55,true,1035,477,0,true,1035,4,15,true,
1036,649,55,true,1036,466,0,true,1036,5,15,true,
1037,665,55,true,1037,454,0,true,1037,1,15,true,
1038,675,55,true,1038,439,0,true,1038,6,15,true,
1039,668,55,true,1039,431,0,true,1039,21,15,true,
1040,648,55,true,1040,426,0,true,1040,46,15,true,
1041,631,55,true,1041,443,0,true,1041,46,15,true,
1042,582,55,true,1042,464,0,true,1042,74,15,true,
1043,544,55,true,1043,489,0,true,1043,87,15,true,
1044,510,55,true,1044,512,0,true,1044,98,15,true,
1045,514,55,true,1045,522,0,true,1045,84,15,true,
1046,527,55,true,1046,537,0,true,1046,56,15,true,
1047,549,55,true,1047,543,0,true,1047,28,15,true,
1048,561,55,true,1048,551,0,true,1048,8,15,true,
1049,575,55,true,1049,539,0,true,1049,6,15,true,
1050,590,55,true,1050,528,0,true,1050,2,15,true,
1051,609,55,true,1051,508,0,true,1051,3,15,true,
1052,624,55,true,1052,495,0,true,1052,1,15,true,
1053,636,55,true,1053,470,0,true,1053,14,15,true,
1054,618,55,true,1054,467,0,true,1054,35,15,true,
1055,614,55,true,1055,469,0,true,1055,37,15,true,
1056,603,55,true,1056,477,0,true,1056,40,15,true,
1057,603,55,true,1057,475,0,true,1057,42,15,true,
1058,583,55,true,1058,478,0,true,1058,59,15,true,
1059,546,55,true,1059,496,0,true,1059,78,15,true,
1060,536,55,true,1060,508,0,true,1060,76,15,true,
1061,537,55,true,1061,538,0,true,1061,45,15,true,
1062,560,55,true,1062,550,0,true,1062,10,15,true,
1063,586,55,true,1063,531,0,true,1063,3,15,true,
1064,598,55,true,1064,519,0,true,1064,3,15,true,
1065,630,55,true,1065,489,0,true,1065,1,15,true,
1066,656,55,true,1066,460,0,true,1066,4,15,true,
1067,654,55,true,1067,455,0,true,1067,11,15,true,
1068,656,55,true,1068,435,0,true,1068,29,15,true,
1069,646,55,true,1069,434,0,true,1069,40,15,true,
1070,648,55,true,1070,443,0,true,1070,29,15,true,
1071,633,55,true,1071,448,0,true,1071,39,15,true,
1072,580,55,true,1072,448,0,true,1072,92,15,true,
1073,540,55,true,1073,472,0,true,1073,108,15,true,
1074,539,55,true,1074,488,0,true,1074,93,15,true,
1075,536,55,true,1075,520,0,true,1075,64,15,true,
1076,568,55,true,1076,533,0,true,1076,19,15,true,
1077,579,55,true,1077,536,0,true,1077,5,15,true,
1078,592,55,true,1078,520,0,true,1078,8,15,true,
1079,623,55,true,1079,493,0,true,1079,4,15,true,
1080,634,55,true,1080,484,0,true,1080,2,15,true,
1081,650,55,true,1081,464,0,true,1081,6,15,true,
1082,665,55,true,1082,452,0,true,1082,3,15,true,
1083,675,55,true,1083,440,0,true,1083,5,15,true,
1084,685,55,true,1084,431,0,true,1084,4,15,true,
1085,696,55,true,1085,416,0,true,1085,8,15,true,
1086,705,55,true,1086,408,0,true,1086,7,15,true,
1087,689,55,true,1087,407,0,true,1087,24,15,true,
1088,640,55,true,1088,412,0,true,1088,68,15,true,
1089,572,55,true,1089,437,0,true,1089,111,15,true,
1090,515,55,true,1090,467,0,true,1090,138,15,true,
1091,508,55,true,1091,494,0,true,1091,118,15,true,
1092,517,55,true,1092,517,0,true,1092,86,15,true,
1093,532,55,true,1093,533,0,true,1093,55,15,true,
1094,544,55,true,1094,553,0,true,1094,23,15,true,
1095,576,55,true,1095,540,0,true,1095,4,15,true,
1096,597,55,true,1096,516,0,true,1096,7,15,true,
1097,608,55,true,1097,505,0,true,1097,7,15,true,
1098,627,55,true,1098,488,0,true,1098,5,15,true,
1099,641,55,true,1099,473,0,true,1099,6,15,true,
1100,652,55,true,1100,461,0,true,1100,7,15,true,
1101,650,55,true,1101,440,0,true,1101,30,15,true,
1102,622,55,true,1102,455,0,true,1102,43,15,true,
1103,627,55,true,1103,470,0,true,1103,23,15,true,
1104,626,55,true,1104,476,0,true,1104,18,15,true,
1105,621,55,true,1105,470,0,true,1105,29,15,true,
1106,614,55,true,1106,476,0,true,1106,30,15,true,
1107,639,55,true,1107,470,0,true,1107,11,15,true,
1108,628,55,true,1108,472,0,true,1108,20,15,true,
1109,634,55,true,1109,467,0,true,1109,19,15,true,
1110,650,55,true,1110,461,0,true,1110,9,15,true,
1111,659,55,true,1111,457,0,true,1111,4,15,true,
1112,673,55,true,1112,440,0,true,1112,7,15,true,
1113,694,55,true,1113,423,0,true,1113,3,15,true,
1114,704,55,true,1114,413,0,true,1114,3,15,true,
1115,700,55,true,1115,396,0,true,1115,24,15,true,
1116,655,55,true,1116,402,0,true,1116,63,15,true,
1117,582,55,true,1117,429,0,true,1117,109,15,true,
1118,542,55,true,1118,461,0,true,1118,117,15,true,
1119,515,55,true,1119,486,0,true,1119,119,15,true,
1120,526,55,true,1120,495,0,true,1120,99,15,true,
1121,529,55,true,1121,525,0,true,1121,66,15,true,
1122,544,55,true,1122,550,0,true,1122,26,15,true,
1123,557,55,true,1123,544,0,true,1123,19,15,true,
1124,579,55,true,1124,528,0,true,1124,13,15,true,
1125,576,55,true,1125,533,0,true,1125,11,15,true,
1126,592,55,true,1126,525,0,true,1126,3,15,true,
1127,609,55,true,1127,505,0,true,1127,6,15,true,
1128,635,55,true,1128,481,0,true,1128,4,15,true,
1129,648,55,true,1129,465,0,true,1129,7,15,true,
1130,671,55,true,1130,442,0,true,1130,7,15,true,
1131,687,55,true,1131,430,0,true,1131,3,15,true,
1132,694,55,true,1132,421,0,true,1132,5,15,true,
1133,700,55,true,1133,416,0,true,1133,4,15,true,
1134,703,55,true,1134,411,0,true,1134,6,15,true,
1135,718,55,true,1135,400,0,true,1135,2,15,true,
1136,733,55,true,1136,385,0,true,1136,2,15,true,
1137,739,55,true,1137,378,0,true,1137,3,15,true,
1138,733,55,true,1138,373,0,true,1138,14,15,true,
1139,710,55,true,1139,380,0,true,1139,30,15,true,
1140,678,55,true,1140,399,0,true,1140,43,15,true,
1141,607,55,true,1141,416,0,true,1141,97,15,true,
1142,572,55,true,1142,433,0,true,1142,115,15,true,
1143,548,55,true,1143,451,0,true,1143,121,15,true,
1144,538,55,true,1144,479,0,true,1144,103,15,true,
1145,538,55,true,1145,496,0,true,1145,86,15,true,
1146,565,55,true,1146,515,0,true,1146,40,15,true,
1147,594,55,true,1147,516,0,true,1147,10,15,true,
1148,598,55,true,1148,516,0,true,1148,6,15,true,
1149,610,55,true,1149,507,0,true,1149,3,15,true,
1150,620,55,true,1150,497,0,true,1150,3,15,true,
1151,625,55,true,1151,489,0,true,1151,6,15,true,
1152,631,55,true,1152,485,0,true,1152,4,15,true,
1153,624,55,true,1153,487,0,true,1153,9,15,true,
1154,631,55,true,1154,477,0,true,1154,12,15,true,
1155,632,55,true,1155,477,0,true,1155,11,15,true,
1156,649,55,true,1156,467,0,true,1156,4,15,true,
1157,672,55,true,1157,447,0,true,1157,1,15,true,
1158,688,55,true,1158,427,0,true,1158,5,15,true,
1159,705,55,true,1159,411,0,true,1159,4,15,true,
1160,707,55,true,1160,401,0,true,1160,12,15,true,
1161,684,55,true,1161,406,0,true,1161,30,15,true,
1162,642,55,true,1162,415,0,true,1162,63,15,true,
1163,559,55,true,1163,437,0,true,1163,124,15,true,
1164,495,55,true,1164,468,0,true,1164,157,15,true,
1165,513,55,true,1165,482,0,true,1165,125,15,true,
1166,506,55,true,1166,517,0,true,1166,97,15,true,
1167,538,55,true,1167,538,0,true,1167,44,15,true,
1168,578,55,true,1168,533,0,true,1168,9,15,true,
1169,567,55,true,1169,516,0,true,1169,37,15,true,
1170,590,55,true,1170,500,0,true,1170,30,15,true,
1171,597,55,true,1171,504,0,true,1171,19,15,true,
1172,616,55,true,1172,494,0,true,1172,10,15,true,
1173,611,55,true,1173,492,0,true,1173,17,15,true,
1174,623,55,true,1174,490,0,true,1174,7,15,true,
1175,639,55,true,1175,475,0,true,1175,6,15,true,
1176,654,55,true,1176,456,0,true,1176,10,15,true,
1177,666,55,true,1177,450,0,true,1177,4,15,true,
1178,642,55,true,1178,459,0,true,1178,19,15,true,
1179,637,55,true,1179,456,0,true,1179,27,15,true,
1180,631,55,true,1180,463,0,true,1180,26,15,true,
1181,662,55,true,1181,453,0,true,1181,5,15,true,
1182,670,55,true,1182,440,0,true,1182,10,15,true,
1183,642,55,true,1183,445,0,true,1183,33,15,true,
1184,618,55,true,1184,454,0,true,1184,48,15,true,
1185,601,55,true,1185,469,0,true,1185,50,15,true,
1186,570,55,true,1186,492,0,true,1186,58,15,true,
1187,559,55,true,1187,509,0,true,1187,52,15,true,
1188,586,55,true,1188,527,0,true,1188,7,15,true,
1189,616,55,true,1189,501,0,true,1189,3,15,true,
1190,626,55,true,1190,491,0,true,1190,3,15,true,
1191,597,55,true,1191,494,0,true,1191,29,15,true,
1192,591,55,true,1192,494,0,true,1192,35,15,true,
1193,618,55,true,1193,492,0,true,1193,10,15,true,
1194,635,55,true,1194,478,0,true,1194,7,15,true,
1195,633,55,true,1195,475,0,true,1195,12,15,true,
1196,628,55,true,1196,478,0,true,1196,14,15,true,
1197,660,55,true,1197,456,0,true,1197,4,15,true,
1198,669,55,true,1198,442,0,true,1198,9,15,true,
1199,668,55,true,1199,444,0,true,1199,8,15,true,
